,Life expectancy,1806,1816,1826,1836,1846,1856,1866,1876,1886,1896,1906,1916,1926,1936,1946,1956,1966,1976,1986,1996,2006
1,Afghanistan,28.15,28.05,27.94,27.84,27.74,27.64,27.53,27.43,27.33,27.23,27.12,27.02,26.92,26.82,26.82,29.8,35.13,40.07,46.02,49.7,52.1
3,Albania,35.4,35.4,35.4,35.4,35.4,35.4,35.4,35.4,35.4,35.4,35.4,35.4,35.4,41.66,50.18,58.42,66.88,70.17,72.96,73.8,76.4
4,Algeria,28.82,28.82,28.82,28.82,28.82,28.82,28.82,28.82,28.82,28.82,28.03,28.29,30.97,33.7,32.41,45.44,50.58,56.11,68.04,72.1,75.0
7,Angola,26.98,26.98,26.98,26.98,26.98,26.98,26.98,26.98,26.98,26.98,26.98,26.98,26.98,26.98,29.21,33.78,39.28,44.68,47.75,51.3,55.7
9,Antigua and Barbuda,33.54,33.54,33.54,33.54,33.54,33.54,33.54,33.54,33.54,33.54,33.54,33.54,37.67,45.95,54.49,60.93,65.63,69.32,72.42,73.5,74.9
10,Argentina,33.2,33.2,33.2,33.2,33.2,33.2,33.2,33.18,32.88,34.0,40.46,47.0,52.94,55.26,61.99,64.41,66.08,68.92,71.66,73.5,75.3
11,Armenia,34.0,34.0,34.0,34.0,34.0,34.0,32.42,32.2,34.2,36.2,37.4,38.8,44.67,49.17,57.07,65.0,69.74,72.38,71.24,69.4,71.7
12,Aruba,34.42,34.42,34.42,34.42,34.42,34.42,34.42,34.42,34.42,34.42,34.42,34.42,38.56,46.83,55.11,63.42,67.76,71.14,73.26,73.65,74.47
13,Australia,34.05,34.05,34.05,34.05,34.05,34.05,34.05,37.23,42.52,47.81,53.1,58.39,62.94,65.27,67.97,70.03,70.79,72.84,76.08,78.5,81.4
14,Austria,34.4,34.4,34.4,34.4,34.4,34.4,34.4,34.73,36.15,39.65,41.98,47.94,53.61,57.97,55.99,67.7,70.22,71.77,74.43,77.1,80.0
15,Azerbaijan,29.17,29.17,29.17,29.17,29.17,29.17,27.59,27.37,29.37,31.37,32.57,33.97,39.84,44.34,52.06,59.63,63.91,65.92,66.48,65.0,68.7
16,Bahamas,35.18,35.18,35.18,35.18,35.18,35.18,35.18,35.18,35.18,35.18,35.18,35.18,39.32,47.59,55.6,60.72,63.65,65.96,67.86,70.0,72.0
17,Bahrain,30.3,30.3,30.3,30.3,30.3,30.3,30.3,30.3,30.3,30.3,30.3,30.3,30.3,31.02,38.2,46.49,59.23,67.2,70.98,73.4,76.3
18,Bangladesh,25.5,25.5,25.5,25.5,25.5,25.5,25.2,25.5,23.2,20.0,21.5,23.2,24.9,32.38,42.75,44.3,48.63,48.92,55.96,62.4,67.5
19,Barbados,32.12,32.12,32.12,32.12,32.12,32.12,32.12,32.12,32.12,32.12,32.12,32.12,36.26,44.54,53.04,59.67,64.64,68.53,71.85,73.7,75.0
20,Belarus,36.2,36.2,36.2,36.2,36.2,36.2,36.2,36.2,36.2,36.2,39.87,37.37,48.32,52.67,57.59,67.16,73.05,71.46,71.66,68.1,69.1
21,Belgium,40.05,40.13,40.21,40.29,37.83,40.92,32.47,43.68,43.36,48.06,49.74,42.0,56.97,60.01,61.9,68.83,70.58,72.05,74.61,77.2,79.5
22,Belize,26.5,26.5,26.5,26.5,26.5,26.5,26.5,26.5,26.5,26.5,26.5,29.88,35.5,41.85,51.13,57.91,63.53,68.32,71.51,70.4,70.3
23,Benin,31.0,31.0,31.0,31.0,31.0,31.0,31.0,31.0,31.0,31.0,31.0,31.0,31.0,31.0,31.88,36.25,41.5,47.46,53.09,56.6,58.9
25,Bhutan,28.8,28.8,28.8,28.8,28.8,28.8,28.8,28.8,28.8,28.8,28.8,28.8,28.8,28.8,29.87,33.68,39.28,48.22,57.61,64.7,69.8
26,Bolivia,33.0,33.0,33.0,33.0,33.0,33.0,33.0,33.0,33.0,33.0,33.0,33.0,33.0,33.0,37.44,42.34,45.99,50.93,58.96,65.1,70.6
27,Bosnia and Herzegovina,35.1,35.1,35.1,35.1,35.1,35.1,35.1,35.1,35.1,35.1,35.1,35.1,38.36,43.81,41.66,58.97,66.81,73.24,76.89,73.8,77.1
28,Botswana,33.6,33.6,33.6,33.6,33.6,33.6,33.6,33.6,33.6,33.6,33.6,33.6,33.6,33.6,36.16,48.84,52.36,58.07,62.7,54.8,51.2
29,Brazil,32.0,32.0,31.99,31.99,31.99,31.99,31.99,31.99,31.98,31.98,31.98,31.98,31.99,34.78,44.02,53.19,58.07,62.27,66.18,69.3,72.7
31,Brunei,29.2,29.2,29.2,29.2,29.2,29.2,29.2,29.2,29.2,29.2,29.2,32.72,39.75,46.78,53.85,60.07,65.67,69.67,72.69,74.9,76.8
32,Bulgaria,36.06,36.5,36.94,37.38,37.82,38.26,38.7,39.14,39.58,40.02,43.37,44.09,45.3,51.3,53.61,65.24,71.28,71.44,71.63,70.9,72.7
33,Burkina Faso,29.2,29.2,29.2,29.2,29.2,29.2,29.2,29.2,29.2,29.2,29.2,29.2,29.2,29.2,29.59,33.21,38.3,43.74,51.28,51.5,56.6
34,Burundi,31.5,31.5,31.5,31.5,31.5,31.5,31.5,31.5,31.5,31.5,31.5,31.5,26.0,31.5,32.68,39.51,42.18,44.43,47.05,44.3,56.4
35,Cambodia,35.0,35.0,35.0,35.0,35.0,35.0,35.0,35.0,35.0,35.0,35.0,35.0,35.0,35.0,35.32,41.7,43.73,19.04,56.49,58.3,64.8
36,Cameroon,28.75,28.75,28.75,28.75,28.75,28.75,28.75,28.75,28.75,28.75,28.75,28.75,28.75,28.75,31.14,41.37,46.67,52.74,57.48,56.2,55.4
37,Canada,39.01,39.02,39.04,39.68,40.69,41.33,42.08,43.64,44.95,46.9,50.57,54.77,57.99,62.72,66.52,70.0,71.86,73.84,76.46,78.3,80.5
38,Cape Verde,33.8,33.8,33.8,33.8,33.8,33.8,33.8,33.8,33.8,33.8,33.8,33.8,33.8,34.73,44.38,49.38,51.32,59.16,66.75,68.2,69.6
40,Central African Republic,30.0,30.0,30.0,30.0,30.0,30.0,30.0,30.0,30.0,30.0,30.0,30.0,30.0,30.0,30.28,35.62,40.5,48.36,50.21,46.3,45.8
41,Chad,30.9,30.9,30.9,30.9,30.9,30.9,30.9,30.9,30.9,30.9,30.9,30.9,30.9,30.9,32.71,39.31,43.48,48.89,52.81,53.0,53.1
43,Chile,32.0,32.0,32.0,32.0,32.0,32.0,32.0,32.0,32.0,32.0,30.8,32.14,35.92,39.02,47.06,55.57,59.54,65.75,71.8,75.7,78.2
44,China,32.0,32.0,32.0,32.0,32.0,26.0,31.79,29.5,32.0,32.0,32.0,32.0,32.36,36.2,38.17,49.57,55.37,60.46,66.05,68.8,72.6
47,Colombia,32.0,32.0,32.0,32.0,32.0,32.0,32.0,32.0,32.0,32.0,32.0,32.0,32.0,35.45,44.42,55.07,61.16,65.58,70.74,72.2,75.3
48,Comoros,32.1,32.1,32.1,32.1,32.1,32.1,32.1,32.1,32.1,32.1,32.1,32.1,32.1,32.1,33.88,42.38,46.63,51.46,55.77,58.4,66.3
49,"Congo, Dem. Rep.",31.6,31.6,31.6,31.6,31.6,31.6,31.6,31.6,31.6,31.6,31.6,31.6,31.6,31.6,36.49,42.39,46.2,50.49,53.55,51.8,56.8
50,"Congo, Rep.",32.7,32.7,32.7,32.7,32.7,32.7,32.7,32.7,32.7,32.7,32.7,32.7,32.7,32.7,34.38,45.5,51.45,54.45,55.79,52.2,57.8
52,Costa Rica,30.21,30.21,30.21,30.21,30.21,30.21,30.21,30.21,30.2,33.06,34.94,35.1,39.36,45.02,52.54,59.57,65.33,70.75,75.66,76.8,79.3
53,Cote d'Ivoire,31.16,31.16,31.16,31.16,31.16,31.16,31.16,31.16,31.16,31.16,31.16,31.16,31.16,31.16,31.5,35.03,42.21,50.37,55.26,52.3,54.1
54,Croatia,36.1,36.1,36.1,36.1,36.1,36.1,36.1,36.1,36.1,36.1,36.1,36.1,40.93,48.98,50.13,63.06,67.16,70.0,71.78,73.4,75.9
55,Cuba,33.02,34.4,36.08,36.42,36.08,36.54,32.72,32.26,42.08,21.3,34.37,36.51,39.31,45.15,52.4,61.48,67.6,72.59,74.62,75.2,77.3
56,Cyprus,38.5,38.5,38.5,38.5,38.51,38.51,38.51,38.51,38.51,39.16,45.25,47.56,48.46,48.46,58.8,68.26,71.62,74.15,76.12,77.1,79.5
57,Czech Republic,34.95,34.95,34.95,34.95,34.95,34.95,34.95,34.96,34.98,36.76,42.69,47.69,53.31,58.04,58.04,69.47,70.65,70.88,71.42,73.8,76.5
59,Denmark,43.78,44.08,40.26,39.92,40.43,46.78,42.95,45.88,49.0,52.99,56.6,56.97,61.71,63.5,67.26,72.11,72.57,73.91,74.86,75.9,78.3
60,Djibouti,29.9,29.9,29.9,29.9,29.9,29.9,29.9,29.9,29.9,29.9,29.9,29.9,29.9,29.9,32.52,43.71,48.9,55.29,59.74,60.3,60.7
62,Dominican Republic,29.9,29.9,29.9,29.9,29.9,29.9,29.9,29.9,29.9,29.9,29.9,29.9,29.9,30.86,40.94,50.01,58.02,64.25,69.34,72.6,73.5
64,Ecuador,32.9,32.9,32.9,32.9,32.9,32.9,32.9,32.9,32.9,32.9,32.9,32.9,32.9,32.9,42.33,51.23,57.47,62.3,68.83,72.5,74.3
65,Egypt,33.0,33.0,33.0,33.0,33.0,33.0,33.0,33.0,33.0,33.0,33.0,33.0,33.0,31.3,34.47,45.29,51.29,55.93,63.07,67.9,70.1
66,El Salvador,28.7,28.7,28.7,28.7,28.7,28.7,28.7,28.7,28.7,28.7,28.7,28.7,28.7,33.07,40.56,48.68,55.93,58.33,62.54,70.3,73.3
67,Equatorial Guinea,29.8,29.8,29.8,29.8,29.8,29.8,29.8,29.8,29.8,29.8,29.8,29.8,29.8,29.8,30.9,36.3,39.78,43.28,47.33,48.9,56.8
68,Eritrea,30.2,30.2,30.2,30.2,30.2,30.2,30.2,30.2,30.2,30.2,30.2,30.2,30.2,30.2,31.75,37.86,41.22,45.49,49.38,58.4,60.0
70,Estonia,34.12,39.1,35.55,38.35,34.94,39.33,33.02,41.89,41.48,43.01,45.48,44.3,52.49,56.76,54.02,67.36,70.78,69.88,71.11,69.8,72.9
71,Ethiopia,29.7,29.7,29.7,27.0,29.7,29.7,24.0,29.7,29.7,28.7,29.7,29.7,29.7,23.0,30.21,35.25,39.09,42.86,41.39,50.0,57.2
74,Fiji,26.1,26.1,26.1,26.1,26.1,26.1,26.1,26.1,26.1,26.1,26.1,26.1,27.1,37.1,47.06,53.89,58.14,61.5,64.2,64.3,64.8
75,Finland,38.78,38.69,38.13,30.78,38.61,29.96,28.74,41.81,40.92,46.56,47.07,48.03,53.83,56.16,60.28,68.01,69.68,72.04,74.86,76.8,79.2
76,France,35.0,40.04,37.76,41.95,40.67,40.18,41.83,43.55,43.17,47.56,47.74,39.51,54.03,58.81,62.41,68.57,71.67,73.38,75.95,78.4,80.7
77,French Guiana,30.5,30.5,30.5,30.5,30.5,30.5,30.5,30.5,30.5,30.5,30.5,30.5,31.37,40.07,48.77,55.22,63.0,66.24,70.57,73.84,75.65
78,French Polynesia,25.6,25.6,25.6,25.6,25.6,25.6,25.6,25.6,25.6,25.6,25.6,25.6,26.4,34.4,42.4,53.55,58.65,62.23,67.59,70.82,74.48
79,Gabon,30.6,30.6,30.6,30.6,30.6,30.6,30.6,30.6,30.6,30.6,30.6,30.6,30.6,30.6,31.45,37.83,42.21,50.23,58.04,59.6,60.9
80,Gambia,28.8,28.8,28.8,28.8,28.8,28.8,28.8,28.8,28.8,28.8,28.8,28.8,28.8,28.8,30.08,34.06,39.47,49.58,58.97,62.8,65.2
81,Georgia,31.87,31.87,31.87,31.87,31.87,31.87,30.3,30.07,32.07,34.07,35.27,36.67,42.54,47.05,54.63,61.93,65.9,69.0,69.86,71.2,71.9
82,Germany,38.37,38.37,38.37,38.37,38.37,38.37,38.37,38.48,39.73,42.69,46.04,38.99,57.83,61.79,60.51,68.57,70.77,72.02,74.75,76.9,79.7
83,Ghana,28.0,28.0,28.0,28.0,28.0,28.0,28.0,28.0,28.0,28.0,28.0,28.0,28.52,33.77,39.17,44.36,48.8,52.0,55.75,60.1,61.2
85,Greece,36.6,36.6,36.6,36.6,36.6,36.6,36.6,36.6,37.58,39.22,41.04,43.59,47.6,52.34,56.15,66.79,70.12,72.85,75.73,77.9,80.0
86,Greenland,33.87,33.87,33.87,33.87,33.87,33.87,33.87,33.87,32.25,34.28,36.36,32.87,37.78,33.36,41.71,57.94,63.71,64.14,63.81,66.8,69.5
87,Grenada,31.4,31.4,31.4,31.4,37.3,37.3,37.3,37.3,37.3,37.3,37.3,37.3,40.75,47.13,53.16,58.61,63.16,66.52,69.06,70.8,70.5
88,Guadeloupe,27.66,27.66,27.66,27.66,27.66,27.66,27.66,27.66,27.66,27.66,27.66,27.66,31.79,40.07,48.34,56.11,62.75,67.93,72.21,75.82,78.95
89,Guam,27.5,27.5,27.5,27.5,27.5,27.5,27.5,27.5,27.5,27.5,27.5,27.5,28.65,40.1,50.08,59.12,64.26,68.43,71.58,73.2,72.7
90,Guatemala,25.8,25.8,25.8,25.81,25.81,25.81,25.81,25.81,25.81,25.82,25.82,25.82,25.81,27.32,37.25,44.23,50.43,57.32,62.28,68.1,70.2
92,Guinea,29.56,29.67,29.77,29.87,29.98,30.08,30.18,30.29,30.39,30.49,30.6,30.7,30.8,30.91,31.56,34.64,36.96,40.47,48.35,53.8,56.4
93,Guinea-Bissau,32.0,32.0,32.0,32.0,32.0,32.0,32.0,32.0,32.0,32.0,32.0,32.0,32.0,34.03,37.71,41.58,44.63,46.77,49.87,52.6,53.0
94,Guyana,31.12,31.12,31.12,31.12,31.12,31.12,31.12,31.12,31.12,31.12,31.12,32.87,38.4,46.08,54.11,58.38,60.09,61.72,63.41,64.3,64.8
95,Haiti,29.0,29.0,29.0,29.0,29.0,29.0,29.0,29.0,29.0,29.0,29.0,29.0,29.0,29.0,32.61,39.74,45.43,49.28,52.81,56.7,60.3
97,Honduras,33.9,33.9,33.9,33.9,33.9,33.9,33.9,33.9,33.9,33.9,33.9,33.9,33.9,35.98,39.89,44.83,52.02,59.15,67.67,70.1,71.4
98,"Hong Kong, China",34.9,34.9,34.9,34.9,34.9,34.9,34.9,34.9,34.9,34.9,34.9,34.9,40.34,49.42,58.49,65.11,70.37,73.78,76.53,78.99,82.12
99,Hungary,36.0,36.0,36.0,36.0,36.0,36.0,36.0,36.0,36.0,36.8,38.79,41.14,46.95,54.29,55.01,66.07,69.98,69.75,69.22,70.5,73.3
100,Iceland,45.82,31.12,25.63,30.86,18.31,42.34,27.2,40.25,44.97,53.22,53.58,54.53,60.79,62.75,68.6,73.08,73.4,76.94,78.38,79.4,81.8
101,India,25.44,25.44,25.44,25.44,25.44,25.44,21.04,20.0,24.85,22.75,21.89,24.11,27.09,30.95,33.8,38.48,45.73,52.93,57.11,60.2,63.9
102,Indonesia,30.0,30.0,30.0,30.0,30.0,30.0,30.0,30.0,30.0,30.0,30.0,30.0,30.0,34.5,30.56,41.57,44.18,56.67,62.15,66.4,68.9
103,Iran,25.6,25.6,25.6,25.6,25.6,25.6,25.6,25.6,25.6,25.6,25.6,25.6,25.6,25.6,34.2,43.47,49.66,57.64,59.01,69.8,72.4
104,Iraq,31.2,31.2,31.2,31.2,31.2,31.2,31.2,31.2,31.2,31.2,31.2,31.2,31.2,31.2,33.08,42.11,53.51,59.35,60.65,65.3,65.1
105,Ireland,38.3,38.3,38.3,38.3,19.8,38.3,40.15,42.79,45.44,48.08,51.6,55.07,57.6,58.9,61.56,69.43,70.89,72.81,74.93,77.5,79.8
107,Israel,32.0,32.0,32.0,32.0,32.0,32.0,32.0,32.0,32.0,32.0,32.0,32.0,32.0,34.14,55.54,67.1,70.17,72.33,74.92,77.7,79.6
108,Italy,29.69,29.69,29.69,29.69,29.69,29.69,29.69,33.6,35.1,40.7,45.09,39.27,50.96,56.75,58.96,67.62,70.99,73.07,75.94,78.3,81.2
109,Jamaica,34.2,34.2,34.2,34.2,34.2,34.2,34.2,34.2,36.9,37.6,32.4,35.6,40.7,44.4,51.89,62.83,69.17,72.58,74.84,74.5,75.5
110,Japan,36.4,36.41,36.41,36.41,36.42,36.42,36.46,36.85,37.4,38.2,39.37,41.13,45.05,48.62,46.5,65.62,71.12,74.78,78.22,80.2,82.2
112,Jordan,31.7,31.7,31.7,31.7,31.7,31.7,31.7,31.7,31.7,31.7,31.7,31.7,31.7,32.57,41.48,49.95,58.13,65.28,70.15,72.6,75.5
113,Kazakhstan,26.2,26.2,26.2,26.2,26.2,26.2,24.63,24.4,26.4,28.4,29.6,31.0,36.87,41.38,49.15,57.05,61.69,64.88,68.34,63.5,65.3
114,Kenya,25.5,25.5,25.5,25.5,25.5,25.5,25.5,25.5,25.5,25.5,25.5,25.5,24.24,26.13,31.69,44.75,51.35,57.49,62.09,57.4,58.4
115,Kiribati,24.9,24.9,24.9,24.9,24.9,24.9,24.9,24.9,24.9,24.9,24.9,24.9,24.9,27.11,37.48,44.25,48.23,52.2,56.5,59.2,61.0
116,North Korea,26.0,26.0,26.0,26.0,26.0,26.0,26.0,26.0,26.0,26.0,24.5,26.48,31.98,40.5,44.88,48.18,54.84,63.49,67.36,58.7,70.4
117,South Korea,25.8,25.8,25.8,25.8,25.8,25.8,25.8,25.8,25.8,25.8,24.42,26.48,31.98,40.5,45.01,50.22,57.67,64.62,69.58,74.5,79.1
120,Kuwait,26.0,26.0,26.0,26.0,26.0,26.0,26.0,26.0,26.0,26.0,26.0,26.0,26.0,26.0,42.69,58.45,66.58,71.85,75.95,76.0,77.7
121,Kyrgyz Republic,23.94,23.94,23.94,23.94,23.94,23.94,22.37,22.14,24.14,26.14,27.34,28.74,34.61,39.12,46.7,54.31,58.76,61.83,65.23,65.2,66.7
122,Lao,31.9,31.9,31.9,31.9,31.9,31.9,31.9,31.9,31.9,31.9,31.9,31.9,31.9,31.9,33.68,41.11,43.64,46.05,49.02,54.0,60.8
123,Latvia,33.0,33.0,33.0,33.0,33.0,33.0,34.99,38.31,41.63,44.95,48.08,40.1,55.87,57.56,54.99,66.44,71.26,69.48,71.09,68.6,70.8
124,Lebanon,29.7,29.7,29.7,29.7,29.7,29.7,29.7,29.7,29.7,29.7,29.7,29.7,29.7,29.7,47.52,61.6,64.5,66.69,68.29,74.0,77.4
125,Lesotho,32.8,32.8,32.8,32.8,32.8,32.8,32.8,32.8,32.8,32.8,32.8,32.8,32.8,32.8,34.57,44.59,48.95,52.17,57.88,57.9,43.1
126,Liberia,31.1,31.1,31.1,31.1,31.1,31.1,31.1,31.1,31.1,31.1,31.1,31.1,31.1,31.1,31.59,34.28,37.77,44.45,48.62,50.4,58.8
127,Libya,33.1,33.1,33.1,33.1,33.1,33.1,33.1,33.1,33.1,33.1,33.1,33.1,33.1,33.1,34.59,39.18,54.15,64.95,71.56,74.6,75.5
129,Lithuania,28.9,28.9,28.9,28.9,28.9,28.9,28.9,31.46,35.73,39.99,43.81,39.4,51.02,56.25,52.52,66.99,71.92,71.38,72.45,70.2,71.5
130,Luxembourg,36.9,36.9,36.9,36.9,36.9,36.9,36.9,36.9,40.42,45.46,46.59,50.12,53.41,61.2,61.59,66.98,69.21,70.31,74.44,77.1,80.3
131,"Macao, China",34.7,34.7,34.7,34.7,34.7,34.7,34.7,34.7,34.7,34.7,34.7,34.7,39.76,48.19,56.62,62.89,67.66,71.29,74.31,76.78,78.89
132,"Macedonia, FYR",36.1,36.1,36.1,36.1,36.1,36.1,36.1,36.1,36.1,36.1,36.1,36.1,39.27,44.55,48.07,58.04,64.51,68.61,70.6,72.1,74.1
133,Madagascar,30.5,30.5,30.5,30.5,30.5,30.5,30.5,30.5,30.5,30.5,30.5,30.5,30.5,30.5,32.07,39.62,45.43,51.12,54.38,57.6,61.7
134,Malawi,30.3,30.3,30.3,30.3,30.3,30.3,30.3,30.3,30.3,30.3,30.3,30.3,30.3,30.3,31.64,37.48,40.03,44.16,47.9,46.3,49.6
135,Malaysia,30.6,30.6,30.6,30.6,30.6,30.6,30.6,30.6,30.6,30.6,30.6,30.6,30.6,37.47,45.13,57.37,63.21,67.5,70.73,72.5,74.5
136,Maldives,32.65,32.65,32.65,32.65,32.65,32.65,32.65,32.65,32.65,32.65,32.65,32.65,32.65,32.65,33.29,35.72,43.48,52.59,62.41,70.0,77.5
137,Mali,26.41,26.41,26.41,26.41,26.41,26.41,26.41,26.41,26.41,26.41,26.41,26.41,26.41,26.41,26.83,28.84,31.8,39.18,47.45,51.8,57.4
138,Malta,28.7,28.7,28.7,28.7,28.7,28.7,28.7,30.59,35.32,40.04,44.77,49.5,54.23,58.61,63.9,67.06,70.36,73.36,76.08,78.5,81.0
140,Martinique,30.15,30.15,30.15,30.15,30.15,30.15,30.15,30.15,30.15,30.15,30.15,30.15,34.29,42.57,50.84,57.93,63.84,69.0,73.29,76.88,79.78
141,Mauritania,32.0,32.0,32.0,32.0,32.0,32.0,32.0,32.0,32.0,32.0,32.0,32.0,32.0,32.0,33.22,41.09,47.73,52.73,58.28,61.5,67.0
142,Mauritius,28.7,28.7,28.7,31.6,29.99,17.55,29.39,34.85,33.32,22.15,23.74,32.62,37.45,36.24,33.0,54.09,62.67,64.83,68.38,70.5,72.5
143,Mayotte,32.5,32.5,32.5,32.5,32.5,32.5,32.5,32.5,32.5,32.5,32.5,32.5,32.5,32.5,34.94,51.32,59.7,65.84,70.54,74.35,77.53
144,Mexico,26.9,26.9,26.9,26.9,26.9,26.9,26.9,26.9,26.9,28.8,27.88,30.01,34.2,38.3,44.88,54.29,60.15,64.95,69.84,73.3,75.4
145,"Micronesia, Fed. Sts.",26.7,26.7,26.7,26.7,26.7,26.7,26.7,26.7,26.7,26.7,26.7,26.7,27.78,38.61,47.77,55.37,58.99,62.85,63.99,65.7,67.7
146,Moldova,33.15,33.15,33.15,33.15,33.15,33.15,33.15,33.15,33.15,33.15,33.15,33.15,36.07,43.25,51.07,60.68,64.48,65.57,67.29,66.1,69.8
148,Mongolia,31.8,31.8,31.8,31.8,31.8,31.8,31.8,31.8,31.8,31.8,31.8,31.8,31.8,31.8,34.18,45.66,54.16,58.31,60.71,61.7,64.0
149,Montenegro,35.4,35.4,35.4,35.4,35.4,35.4,35.4,35.4,35.4,35.4,35.4,35.4,40.16,48.08,46.01,61.3,67.62,72.33,74.08,73.4,75.2
151,Morocco,33.1,33.1,33.1,33.1,33.1,33.1,33.1,33.1,33.1,33.1,33.1,33.1,33.1,33.1,40.61,47.81,52.54,57.11,64.91,70.0,72.9
152,Mozambique,30.28,30.28,30.28,30.28,30.28,30.28,30.28,30.28,30.28,30.28,30.28,30.28,30.28,30.28,31.22,35.58,41.66,47.61,50.21,52.6,53.0
153,Myanmar,30.8,30.8,30.8,30.8,30.8,30.8,30.8,30.8,30.8,30.8,30.8,30.8,30.8,30.8,28.79,39.6,47.39,52.54,56.23,59.4,64.0
154,Namibia,32.4,32.4,32.4,32.4,32.4,32.4,32.4,32.4,32.4,32.4,20.0,32.4,32.4,32.4,37.16,44.39,50.61,56.04,60.65,59.3,54.9
156,Nepal,32.8,32.8,32.8,32.8,32.8,32.8,32.8,32.8,32.8,32.8,32.8,32.8,32.8,32.8,33.56,37.9,42.6,47.64,54.98,62.5,67.8
157,Netherlands,39.86,39.86,39.86,39.86,39.86,38.39,33.64,40.35,41.98,48.56,52.78,56.16,63.04,66.76,67.57,72.52,73.52,74.61,76.31,77.6,79.9
158,Netherlands Antilles,34.41,34.41,34.41,34.41,34.41,34.41,34.41,34.41,34.41,34.41,34.41,34.41,38.55,46.82,55.1,63.43,67.67,71.58,74.33,74.48,75.76
159,New Caledonia,26.0,26.0,26.0,26.0,26.0,26.0,26.0,26.0,26.0,26.0,26.0,26.0,26.92,36.16,45.39,53.5,60.19,65.37,69.37,72.43,74.84
160,New Zealand,34.05,34.05,34.05,34.05,34.05,34.05,34.05,36.73,41.19,45.65,50.12,54.58,59.04,63.5,67.97,70.75,71.16,72.5,74.28,77.3,79.9
162,Nicaragua,25.4,25.4,25.4,25.4,25.4,25.4,25.4,25.4,25.4,25.4,25.4,25.4,27.01,32.34,39.52,47.4,55.74,63.59,69.67,74.7,76.7
163,Niger,30.8,30.8,30.8,30.8,30.8,30.8,30.8,30.8,30.8,30.8,30.8,30.8,30.8,30.8,32.01,36.22,37.61,39.97,45.09,50.2,56.6
164,Nigeria,30.4,30.4,30.4,30.4,30.4,30.4,30.4,30.4,30.4,30.4,30.4,30.4,30.4,30.4,31.95,37.93,43.81,49.62,53.67,55.0,57.4
169,Norway,43.76,46.33,47.63,46.46,48.05,50.37,49.92,46.83,51.72,53.84,56.91,57.25,63.26,65.84,69.53,73.55,74.11,75.17,76.21,78.2,80.4
170,Oman,32.3,32.3,32.3,32.3,32.3,32.3,32.3,32.3,32.3,32.3,32.3,32.3,32.3,32.3,33.27,40.8,49.97,59.32,69.17,74.2,76.0
171,Pakistan,25.8,25.8,25.8,25.8,25.8,25.8,25.8,25.8,27.1,23.2,19.9,24.3,27.4,31.0,34.72,42.67,51.7,57.17,60.77,61.9,63.7
173,Panama,32.9,32.9,32.9,32.9,32.9,32.9,32.9,32.9,32.9,32.9,32.9,33.1,35.1,39.8,50.63,59.31,64.7,69.88,73.76,75.4,77.2
174,Papua New Guinea,31.5,31.5,31.5,31.5,31.5,31.5,31.5,31.5,31.5,31.5,31.5,31.5,31.5,31.5,31.55,36.53,43.07,50.21,55.19,57.0,58.0
175,Paraguay,35.5,35.5,35.5,35.5,35.5,35.5,35.5,35.5,35.5,35.5,35.5,35.5,35.5,41.54,57.39,65.03,68.11,70.81,73.11,74.1,74.0
176,Peru,35.7,35.7,35.7,35.7,35.7,35.7,35.7,35.7,35.7,35.7,35.7,35.7,35.7,35.7,40.53,46.51,52.38,59.99,66.41,71.7,77.7
177,Philippines,30.9,30.9,30.9,30.9,30.9,30.9,30.9,30.9,30.9,30.9,30.9,30.9,31.6,38.6,41.29,57.36,60.91,63.32,66.35,68.9,69.2
179,Poland,35.9,35.9,35.9,35.9,35.9,35.9,35.9,35.9,36.2,39.22,42.25,45.27,48.29,52.23,47.02,64.74,69.99,70.88,71.07,72.4,75.2
180,Portugal,35.6,35.6,35.6,35.6,35.6,35.6,35.6,35.6,35.6,35.6,35.6,35.6,36.66,47.21,53.68,61.22,65.67,69.12,73.61,75.5,79.0
181,Puerto Rico,30.43,30.43,30.43,30.43,30.43,30.43,30.43,30.43,30.43,31.15,33.71,38.34,39.77,43.87,54.91,66.87,70.03,72.98,74.07,73.6,76.8
182,Qatar,30.8,30.8,30.8,30.8,30.8,30.8,30.8,30.8,30.8,30.8,30.8,30.8,30.8,30.8,44.39,57.81,65.25,70.79,73.74,74.5,76.7
183,Reunion,33.0,33.0,33.0,33.0,33.0,33.0,33.0,33.0,33.0,33.0,33.0,33.0,33.0,33.0,35.46,51.94,60.36,66.53,71.14,74.79,77.81
184,Romania,35.7,35.7,35.7,35.7,35.7,35.7,35.7,35.7,35.7,35.7,35.7,35.7,38.86,46.25,54.06,62.54,67.98,69.87,70.02,69.1,72.8
185,Russia,29.57,29.57,29.57,29.57,29.57,29.0,29.57,30.93,34.26,28.27,31.97,31.5,38.4,41.1,46.08,64.85,69.43,67.98,69.8,65.7,66.7
186,Rwanda,31.8,31.8,31.8,31.8,31.8,31.8,31.8,31.8,31.8,31.8,26.0,26.0,24.0,33.87,38.13,41.69,44.85,46.31,49.42,44.6,61.6
190,St. Lucia,28.01,28.01,28.01,28.01,28.01,28.01,28.01,28.01,28.01,28.01,28.01,28.01,32.15,40.42,48.59,53.92,60.58,65.96,69.83,71.2,73.4
192,St. Vincent and the Grenadines,25.99,25.99,25.99,25.99,25.99,25.99,25.99,25.99,25.99,25.99,25.99,25.99,30.12,38.4,46.63,53.58,63.06,66.16,68.92,69.4,70.6
194,Samoa,25.4,25.4,25.4,25.4,25.4,25.4,25.4,25.4,25.4,25.4,25.4,25.4,25.4,27.84,40.52,49.09,54.98,60.84,66.67,70.2,72.0
196,Sao Tome and Principe,31.0,31.0,31.0,31.0,31.0,31.0,31.0,31.0,31.0,31.0,31.0,31.0,31.0,31.97,41.86,48.6,54.47,60.63,62.59,63.9,65.7
197,Saudi Arabia,32.1,32.1,32.1,32.1,32.1,32.1,32.1,32.1,32.1,32.1,32.1,32.1,32.1,32.1,34.46,45.23,51.68,62.83,71.66,75.8,77.9
198,Senegal,25.2,25.2,25.2,25.2,25.2,25.2,25.2,25.2,25.2,25.2,25.2,25.2,24.16,26.15,30.01,37.19,38.7,45.07,55.36,58.8,62.5
199,Serbia,35.5,35.5,35.5,35.5,35.5,35.5,35.5,35.5,35.5,35.5,35.5,21.0,40.04,47.59,51.12,61.15,66.56,70.03,71.78,71.9,73.6
202,Seychelles,37.0,37.0,37.0,37.0,37.0,37.0,37.0,38.57,41.2,43.82,46.45,49.07,51.7,54.32,56.73,58.18,63.11,67.26,69.36,69.9,72.3
203,Sierra Leone,25.1,25.1,25.1,25.1,25.1,25.1,25.1,25.1,25.1,25.1,25.1,25.1,25.1,24.71,27.47,34.09,39.38,49.31,52.98,51.9,52.7
204,Singapore,29.1,29.1,34.0,34.0,34.0,34.0,34.0,34.0,34.0,34.0,34.0,34.0,38.88,47.01,43.86,62.73,66.46,69.62,73.27,76.7,80.2
205,Slovak Republic,36.4,36.4,36.4,36.4,36.4,36.4,36.4,36.4,36.4,36.7,39.7,42.7,47.37,52.73,54.02,68.42,70.53,70.62,71.07,72.8,74.5
206,Slovenia,36.6,36.6,36.6,36.6,36.6,36.6,36.6,36.6,36.6,36.6,36.6,36.6,42.17,51.45,54.98,67.25,69.14,70.51,72.17,75.0,77.9
207,Solomon Islands,25.1,25.1,25.1,25.1,25.1,25.1,25.1,25.1,25.1,25.1,25.1,25.1,25.1,27.51,38.41,48.26,54.0,59.9,59.84,61.4,61.9
208,Somalia,29.4,29.4,29.4,29.4,29.4,29.4,29.4,29.4,29.4,29.4,29.4,29.4,29.4,29.4,30.57,36.47,41.14,45.7,49.36,49.9,52.2
210,South Africa,33.5,33.5,33.5,33.5,33.5,33.5,33.5,33.5,33.5,33.5,33.5,33.5,33.5,36.51,41.53,47.19,51.3,54.86,60.32,61.6,52.5
212,Spain,29.5,29.5,29.5,29.5,29.5,29.5,29.5,29.5,30.54,33.45,39.79,43.98,47.76,50.9,57.56,66.79,71.2,73.81,76.59,78.1,80.7
213,Sri Lanka,32.6,32.6,32.6,32.6,32.6,32.6,32.6,32.6,32.6,32.6,27.03,32.76,38.41,42.51,45.92,57.71,62.62,67.17,70.0,71.3,73.9
214,Sudan,31.4,31.4,31.4,31.4,31.4,31.4,31.4,31.4,31.4,31.4,31.4,31.4,31.4,31.4,39.02,47.45,52.42,56.23,58.01,60.6,64.9
215,Suriname,32.9,32.9,32.9,32.9,32.9,32.9,32.9,32.9,32.9,32.9,32.9,32.9,33.77,42.48,51.46,58.72,63.07,66.47,69.15,70.2,70.0
217,Swaziland,32.3,32.3,32.3,32.3,32.3,32.3,32.3,32.3,32.3,32.3,32.3,32.3,32.3,32.3,34.09,43.3,46.76,52.58,59.15,57.1,43.1
218,Sweden,36.17,41.74,43.08,45.13,42.04,42.14,44.73,44.82,50.6,53.49,56.7,58.22,62.79,64.61,69.5,72.64,74.09,74.96,76.98,79.1,80.8
219,Switzerland,38.0,38.0,38.0,38.0,38.0,38.0,38.0,40.1,44.68,48.88,50.72,56.59,60.64,63.18,66.08,70.23,72.5,74.98,77.17,79.1,81.5
220,Syria,31.1,31.1,31.1,31.1,31.1,31.1,31.1,31.1,31.1,31.1,31.1,31.1,31.1,32.19,43.17,50.7,56.42,63.6,68.94,73.1,75.7
221,Taiwan,28.3,28.3,28.3,28.3,28.3,28.3,28.3,28.3,28.3,28.3,28.3,30.0,37.0,42.0,43.5,62.51,67.42,70.41,73.11,74.7,77.8
222,Tajikistan,24.24,24.24,24.24,24.24,24.24,24.24,22.66,22.44,24.44,26.44,27.64,29.04,34.91,39.41,47.32,55.26,59.9,63.34,65.69,63.3,68.7
223,Tanzania,32.2,32.2,32.2,32.2,32.2,32.2,32.2,32.2,32.2,32.2,32.2,32.2,32.2,32.2,34.4,44.05,47.77,52.71,55.54,53.8,57.9
224,Thailand,30.4,30.4,30.4,30.4,30.4,30.4,30.4,30.4,30.4,30.4,30.4,30.4,30.4,38.89,40.64,53.28,58.18,62.7,69.15,70.6,73.5
225,Timor-Leste,28.95,28.95,28.95,28.95,28.95,28.95,28.95,28.95,28.95,28.95,28.95,28.95,28.95,28.95,21.21,34.94,42.12,40.94,53.99,62.3,68.5
226,Togo,31.3,31.3,31.3,31.3,31.3,31.3,31.3,31.3,31.3,31.3,31.3,31.3,31.3,31.3,32.06,38.28,45.09,51.49,56.79,57.3,57.5
228,Tonga,28.2,28.2,28.2,28.2,28.2,28.2,28.2,28.2,28.2,28.2,28.2,28.2,29.39,41.28,53.11,59.77,63.27,66.16,68.48,69.7,70.1
230,Trinidad and Tobago,32.9,32.9,32.9,32.9,38.8,38.8,38.8,38.8,38.8,38.8,38.8,38.8,42.25,48.63,54.63,60.27,65.31,67.08,68.62,69.3,71.3
231,Tunisia,28.8,28.8,28.8,28.8,28.8,28.8,28.8,28.8,28.8,28.8,28.8,28.8,29.53,32.45,35.36,40.94,48.33,60.03,69.2,73.4,76.4
232,Turkey,35.0,35.0,35.0,35.0,35.0,35.0,35.0,35.0,35.0,35.0,35.0,19.0,35.0,35.37,37.21,43.99,51.74,58.81,65.76,70.6,76.7
233,Turkmenistan,24.0,24.0,24.0,24.0,24.0,24.0,21.5,20.66,22.66,24.66,25.86,27.26,33.13,37.63,45.4,53.14,57.61,60.73,63.63,63.2,66.3
236,Uganda,25.3,25.3,25.3,25.3,25.3,25.3,25.3,25.3,25.3,25.3,25.3,25.3,24.18,26.15,31.22,42.82,49.07,51.65,51.94,48.2,54.9
237,Ukraine,36.6,36.6,36.6,36.6,36.6,36.6,36.6,36.6,36.6,36.6,38.99,35.0,45.95,50.3,55.24,67.15,71.66,70.01,70.82,66.7,67.9
238,United Arab Emirates,30.7,30.7,30.7,30.7,30.7,30.7,30.7,30.7,30.7,30.7,30.7,30.7,30.7,30.7,32.73,47.62,57.81,64.87,69.34,72.1,75.7
239,United Kingdom,43.22,39.94,39.83,41.43,39.96,43.25,40.41,43.69,45.33,47.41,50.58,47.73,59.66,61.85,66.45,70.42,71.43,72.62,74.78,76.9,79.2
240,United States,39.41,39.41,39.41,39.41,39.41,39.41,39.41,39.41,42.89,47.44,50.1,54.2,57.9,60.4,66.33,69.71,70.43,72.99,74.87,76.3,77.8
241,Uruguay,32.9,32.9,32.9,32.9,32.9,32.9,32.9,32.9,32.9,32.9,32.9,32.9,34.22,47.38,60.59,66.93,68.78,69.58,72.2,73.5,75.7
243,Uzbekistan,26.93,26.93,26.93,26.93,26.93,26.93,25.35,25.13,27.13,29.13,30.33,31.73,37.6,42.1,49.85,57.58,62.02,65.11,68.02,66.7,68.8
245,Vanuatu,24.3,24.3,24.3,24.3,24.3,24.3,24.3,24.3,24.3,24.3,24.3,24.3,24.3,26.36,36.5,43.67,49.44,55.05,60.27,62.4,62.9
246,Venezuela,32.2,32.2,32.2,32.2,32.2,32.2,32.2,32.2,32.2,32.2,32.2,32.2,32.2,33.9,47.93,57.64,63.66,68.23,71.27,73.1,74.5
247,West Bank and Gaza,32.1,32.1,32.1,32.1,32.1,32.1,32.1,32.1,32.1,32.1,32.1,32.1,32.1,33.03,42.83,48.78,54.94,62.6,69.82,74.0,74.4
249,Western Sahara,34.75,34.75,34.75,34.75,34.75,34.75,34.75,34.75,34.75,34.75,34.75,34.75,34.75,34.75,34.75,36.86,40.62,46.11,54.99,60.51,65.41
250,Vietnam,32.0,32.0,32.0,32.0,32.0,32.0,32.0,32.0,32.0,32.0,32.0,32.0,32.0,33.0,35.84,55.83,61.36,62.07,68.07,70.9,73.5
251,Virgin Islands (U.S.),33.4,33.4,33.4,33.4,33.4,33.4,33.4,33.4,33.4,33.4,33.4,33.4,37.54,45.82,54.09,61.88,66.02,70.11,73.41,76.52,78.69
254,Yemen,23.39,23.39,23.39,23.39,23.39,23.39,23.39,23.39,23.39,23.39,23.39,23.39,23.39,23.39,23.46,28.8,38.15,47.05,56.4,60.7,65.0
256,Zambia,32.6,32.6,32.6,32.6,32.6,32.6,32.6,32.6,32.6,32.6,32.6,32.6,32.6,32.6,35.3,46.1,51.49,57.07,54.85,46.3,47.9
257,Zimbabwe,33.7,33.7,33.7,33.7,33.7,33.7,33.7,33.7,33.7,33.7,33.7,33.7,33.7,33.7,42.55,51.22,55.65,59.94,64.9,54.4,45.5
259,South Sudan,26.67,26.67,26.67,26.67,26.67,26.67,26.67,26.67,26.67,26.67,26.67,26.67,26.67,26.67,27.55,32.17,38.04,43.43,47.72,53.1,55.4
